"Username","IP","DateTime","Model"
"CoOdy","54.173.116.34","2/24/2016 12:24:51 AM","2073"
"CoOdy","54.173.116.34","2/24/2016 12:24:51 AM","2073"
"CoOdy","54.173.116.34","2/24/2016 12:24:59 AM","2073"
"CoOdy","54.173.116.34","2/24/2016 12:24:59 AM","2073"
"CoOdy","54.173.116.34","2/24/2016 12:25:03 AM","2073"
"CoOdy","54.173.116.34","2/24/2016 12:25:03 AM","2073"
"CoOdy","54.173.116.34","2/24/2016 12:25:05 AM","2073"
"CoOdy","54.173.116.34","2/24/2016 12:25:05 AM","2073"
"CoOdy","54.173.116.34","2/24/2016 12:26:11 AM","2073"
"","54.173.116.34","2/24/2016 12:27:56 AM","2073"
"","54.173.116.34","2/24/2016 12:27:56 AM","2073"
"","54.173.116.34","2/24/2016 12:29:06 AM","2073"
"","54.173.116.34","2/24/2016 12:31:03 AM","2073"
"","54.173.116.34","2/24/2016 12:31:03 AM","2073"
"","52.91.144.39","2/24/2016 12:31:06 AM","2073"
"","52.91.144.39","2/24/2016 12:31:06 AM","2073"
"","52.91.144.39","2/24/2016 12:31:20 AM","2073"
"mike","52.91.144.39","2/24/2016 12:32:35 AM","2073"
"mike","52.91.144.39","2/24/2016 12:32:35 AM","2073"
"","54.173.116.34","2/24/2016 12:32:55 AM","2073"
"mike","52.91.144.39","2/24/2016 12:34:13 AM","2073"
"","54.173.75.155","2/24/2016 5:13:00 PM","2073"
"","54.173.75.155","2/24/2016 5:13:00 PM","2073"
"","54.173.75.155","2/24/2016 5:15:44 PM","2073"
